<annotation>
  <folder></folder>
  <filename>bottle20.jpg</filename>
  <source>
    <database>Unknown</database>
    <annotation>Unknown</annotation>
    <image>Unknown</image>
  </source>
  <size>
    <width>266</width>
    <height>189</height>
    <depth></depth>
  </size>
  <segmented>0</segmented>
  <object>
    <name>plastic bottle</name>
    <truncated>0</truncated>
    <occluded>0</occluded>
    <difficult>0</difficult>
    <bndbox>
      <xmin>108.48</xmin>
      <ymin>38.87</ymin>
      <xmax>145.43</xmax>
      <ymax>114.71000000000001</ymax>
    </bndbox>
    <attributes>
      <attribute>
        <name>rotation</name>
        <value>0.0</value>
      </attribute>
    </attributes>
  </object>
</annotation>
