<annotation>
  <folder></folder>
  <filename>bottle28.jpg</filename>
  <source>
    <database>Unknown</database>
    <annotation>Unknown</annotation>
    <image>Unknown</image>
  </source>
  <size>
    <width>188</width>
    <height>268</height>
    <depth></depth>
  </size>
  <segmented>0</segmented>
  <object>
    <name>plastic bottle</name>
    <truncated>0</truncated>
    <occluded>0</occluded>
    <difficult>0</difficult>
    <bndbox>
      <xmin>44.92</xmin>
      <ymin>98.41</ymin>
      <xmax>93.44</xmax>
      <ymax>186.64</ymax>
    </bndbox>
    <attributes>
      <attribute>
        <name>rotation</name>
        <value>0.0</value>
      </attribute>
    </attributes>
  </object>
</annotation>
