<annotation>
  <folder></folder>
  <filename>bottle33.jpg</filename>
  <source>
    <database>Unknown</database>
    <annotation>Unknown</annotation>
    <image>Unknown</image>
  </source>
  <size>
    <width>218</width>
    <height>232</height>
    <depth></depth>
  </size>
  <segmented>0</segmented>
  <object>
    <name>plastic bottle</name>
    <truncated>0</truncated>
    <occluded>0</occluded>
    <difficult>0</difficult>
    <bndbox>
      <xmin>38.83</xmin>
      <ymin>112.44</ymin>
      <xmax>148.15</xmax>
      <ymax>175.93</ymax>
    </bndbox>
    <attributes>
      <attribute>
        <name>rotation</name>
        <value>0.0</value>
      </attribute>
    </attributes>
  </object>
</annotation>
