<annotation>
  <folder></folder>
  <filename>coca8.jpg</filename>
  <source>
    <database>Unknown</database>
    <annotation>Unknown</annotation>
    <image>Unknown</image>
  </source>
  <size>
    <width>261</width>
    <height>193</height>
    <depth></depth>
  </size>
  <segmented>0</segmented>
  <object>
    <name>metal can</name>
    <truncated>0</truncated>
    <occluded>0</occluded>
    <difficult>0</difficult>
    <bndbox>
      <xmin>76.42</xmin>
      <ymin>40.33</ymin>
      <xmax>205.08000000000004</xmax>
      <ymax>124.97</ymax>
    </bndbox>
    <attributes>
      <attribute>
        <name>rotation</name>
        <value>0.0</value>
      </attribute>
    </attributes>
  </object>
</annotation>
