<annotation>
  <folder></folder>
  <filename>coca9.jpg</filename>
  <source>
    <database>Unknown</database>
    <annotation>Unknown</annotation>
    <image>Unknown</image>
  </source>
  <size>
    <width>265</width>
    <height>190</height>
    <depth></depth>
  </size>
  <segmented>0</segmented>
  <object>
    <name>metal can</name>
    <truncated>0</truncated>
    <occluded>0</occluded>
    <difficult>0</difficult>
    <bndbox>
      <xmin>94.47</xmin>
      <ymin>2.26</ymin>
      <xmax>164.84</xmax>
      <ymax>136.25</ymax>
    </bndbox>
    <attributes>
      <attribute>
        <name>rotation</name>
        <value>0.0</value>
      </attribute>
    </attributes>
  </object>
</annotation>
