<annotation>
  <folder></folder>
  <filename>coca4.jpg</filename>
  <source>
    <database>Unknown</database>
    <annotation>Unknown</annotation>
    <image>Unknown</image>
  </source>
  <size>
    <width>276</width>
    <height>183</height>
    <depth></depth>
  </size>
  <segmented>0</segmented>
  <object>
    <name>metal can</name>
    <truncated>0</truncated>
    <occluded>0</occluded>
    <difficult>0</difficult>
    <bndbox>
      <xmin>28.41</xmin>
      <ymin>30.69</ymin>
      <xmax>137.4</xmax>
      <ymax>180.89</ymax>
    </bndbox>
    <attributes>
      <attribute>
        <name>rotation</name>
        <value>0.0</value>
      </attribute>
    </attributes>
  </object>
</annotation>
