<annotation>
  <folder></folder>
  <filename>pepsi8.jpg</filename>
  <source>
    <database>Unknown</database>
    <annotation>Unknown</annotation>
    <image>Unknown</image>
  </source>
  <size>
    <width>169</width>
    <height>148</height>
    <depth></depth>
  </size>
  <segmented>0</segmented>
  <object>
    <name>metal can</name>
    <truncated>0</truncated>
    <occluded>0</occluded>
    <difficult>0</difficult>
    <bndbox>
      <xmin>13.21</xmin>
      <ymin>0.44</ymin>
      <xmax>157.04</xmax>
      <ymax>146.95</ymax>
    </bndbox>
    <attributes>
      <attribute>
        <name>rotation</name>
        <value>0.0</value>
      </attribute>
    </attributes>
  </object>
</annotation>
