<annotation>
  <folder></folder>
  <filename>pepsi9.jpg</filename>
  <source>
    <database>Unknown</database>
    <annotation>Unknown</annotation>
    <image>Unknown</image>
  </source>
  <size>
    <width>217</width>
    <height>232</height>
    <depth></depth>
  </size>
  <segmented>0</segmented>
  <object>
    <name>metal can</name>
    <truncated>0</truncated>
    <occluded>0</occluded>
    <difficult>0</difficult>
    <bndbox>
      <xmin>52.44</xmin>
      <ymin>2.81</ymin>
      <xmax>163.8</xmax>
      <ymax>211.79</ymax>
    </bndbox>
    <attributes>
      <attribute>
        <name>rotation</name>
        <value>0.0</value>
      </attribute>
    </attributes>
  </object>
</annotation>
